Name of People ,City Visited,Hotel Name,Review
Emily Johnson,Paris,Eiffel Grand Hotel,The view from the room was breathtaking.
Michael Brown ,Tokyo  ,Sakura Plaza Hotel,The room was not as clean as expected.
Sophia Lee ,London ,Thameside Manor,"The room size was adequate, but the furnishings were worn. "
Daniel Garcia ,Barcelona,Mediterranean View Resort,The hotel's pool area was stunning and well-maintained. 
Olivia Patel  ,Sydney,Harbourview Hotel ,The air conditioning in the room was inconsistent.
Lucas Kim  ,Rome,Colosseum Grand Palace ,The hotel's rooftop bar offered a fantastic view of the city.
Isabella Wong ,Dubai ,Oasis Sands Resort ,"The hotel's shuttle service to the city center was convenient, but the schedule was limited."
Ethan Nguyen,Los Angeles,Sunset Bay Resort,The hotel's beachfront location was picturesque and serene
Ava Smith,New York City,Central Park Lodge,The hotel's room service was slow and unresponsive.
 Benjamin Taylor,Berlin  ,Riverfront Plaza Hotel,"The hotel's fitness center had modern equipment, but it was crowded during�peak�hours."
